{
  "CL": {
    "RMSE": 0.1616120610874941,
    "MAE": 0.14242195141057662,
    "R2": 0.8406758308293336,
    "MAPE": 138.27283576636268
  },
  "CD": {
    "RMSE": 0.0033193457329643503,
    "MAE": 0.0025769939770155996,
    "R2": 0.9922944791839498,
    "MAPE": 19.38871529165468
  },
  "CM": {
    "RMSE": 0.0263986923648391,
    "MAE": 0.024333802441057217,
    "R2": -0.06259891683895136,
    "MAPE": 2051.6724538427484
  }
}