{
  "n_cases": 9,
  "method": "LOOCV",
  "architecture": [
    32,
    32
  ],
  "CL_RMSE": 0.05130957483819756,
  "CL_MAE": 0.039036741729267715,
  "CL_R2": 0.9466222673428377,
  "CD_RMSE": 0.0005106618328258582,
  "CD_MAE": 0.000476065930292683,
  "CD_R2": 0.9122730703373999
}