{
  "SA_fine": {
    "x_sep": 0.6673230528831482,
    "x_reat": 1.2600038051605225,
    "bubble": 0.5926807522773743,
    "cf_min": -0.0028263856656849384,
    "cp_rmse": 0.492364531384026,
    "cp_rmse_sep": 0.3712028276253019
  },
  "SA_medium": {
    "x_sep": 0.673585832118988,
    "x_reat": 1.1834169626235962,
    "bubble": 0.5098311305046082,
    "cf_min": -0.0029884225223213434,
    "cp_rmse": 0.538543522389247,
    "cp_rmse_sep": 0.3793731057736174
  },
  "SST_fine": {
    "x_sep": 0.6677746176719666,
    "x_reat": null,
    "bubble": null,
    "cf_min": -0.0006365430890582502,
    "cp_rmse": 0.44888275020828294,
    "cp_rmse_sep": 0.3332160501227127
  },
  "SST_medium": {
    "x_sep": 0.6700905561447144,
    "x_reat": 1.1867694854736328,
    "bubble": 0.5166789293289185,
    "cf_min": -0.003050243016332388,
    "cp_rmse": 0.5379108277392849,
    "cp_rmse_sep": 0.40827137349736914
  }
}