{
  "source": "Sch\u00fclein et al. (1996), DLR IB 223-96 A 49",
  "x": [
    0.06,
    0.08,
    0.1,
    0.12,
    0.14,
    0.16,
    0.18,
    0.2,
    0.22,
    0.24,
    0.26,
    0.27,
    0.28,
    0.29,
    0.295,
    0.3,
    0.305,
    0.31,
    0.315,
    0.32,
    0.325,
    0.33,
    0.335,
    0.34,
    0.345,
    0.35,
    0.355,
    0.36,
    0.365,
    0.37,
    0.38,
    0.39,
    0.4,
    0.42,
    0.44,
    0.46,
    0.48,
    0.5
  ],
  "cf": [
    0.0014,
    0.00128,
    0.0012,
    0.00114,
    0.00107,
    0.00101,
    0.00096,
    0.00092,
    0.0009,
    0.00087,
    0.00084,
    0.0008,
    0.00065,
    0.00035,
    0.0001,
    -0.0002,
    -0.0004,
    -0.0005,
    -0.00055,
    -0.0005,
    -0.0004,
    -0.0002,
    0.0,
    0.0003,
    0.0006,
    0.0009,
    0.0011,
    0.0012,
    0.00125,
    0.00128,
    0.00135,
    0.0014,
    0.00145,
    0.00155,
    0.00165,
    0.0017,
    0.00175,
    0.00178
  ]
}