alpha,CL,CD
0.0,-6.8553224298e-06,0.0081924676041
10.0,1.0909146672,0.012310544747
15.0,1.5460981214,0.021236647158
