alpha,CL
-10.0,-1.074902
10.0,1.074902
