{
  "description": "SA model results from 7 independent CFD codes on 897x257 grid",
  "codes": [
    "CFL3D",
    "FUN3D",
    "NTS",
    "JOE",
    "SUMB",
    "TURNS",
    "GGNS"
  ],
  "conditions": {
    "Mach": 0.15,
    "Re": 6000000.0,
    "fully_turbulent": true
  },
  "alpha_0": {
    "CL": 0.0,
    "CD": 0.00819
  },
  "alpha_10": {
    "CL": 1.0909,
    "CD": 0.01231
  },
  "alpha_15": {
    "CL": 1.5461,
    "CD": 0.02124
  },
  "tolerances": {
    "CL_percent": 1.0,
    "CD_percent": 4.0
  },
  "per_code_results": {
    "CFL3D": {
      "CL_0": 0.0,
      "CL_10": 1.0909,
      "CL_15": 1.5461,
      "CD_0": 0.00819,
      "CD_10": 0.01231,
      "CD_15": 0.02124
    },
    "FUN3D": {
      "CL_0": 0.0,
      "CL_10": 1.0983,
      "CL_15": 1.5547,
      "CD_0": 0.00812,
      "CD_10": 0.01242,
      "CD_15": 0.02159
    },
    "NTS": {
      "CL_0": 0.0,
      "CL_10": 1.0891,
      "CL_15": 1.5461,
      "CD_0": 0.00813,
      "CD_10": 0.01243,
      "CD_15": 0.02105
    },
    "JOE": {
      "CL_0": 0.0,
      "CL_10": 1.0918,
      "CL_15": 1.549,
      "CD_0": 0.00812,
      "CD_10": 0.01245,
      "CD_15": 0.02148
    },
    "SUMB": {
      "CL_0": 0.0,
      "CL_10": 1.0904,
      "CL_15": 1.5446,
      "CD_0": 0.00813,
      "CD_10": 0.01233,
      "CD_15": 0.02141
    },
    "TURNS": {
      "CL_0": 0.0,
      "CL_10": 1.1,
      "CL_15": 1.5642,
      "CD_0": 0.0083,
      "CD_10": 0.0123,
      "CD_15": 0.0214
    },
    "GGNS": {
      "CL_0": 0.0,
      "CL_10": 1.0941,
      "CL_15": 1.5576,
      "CD_0": 0.00817,
      "CD_10": 0.01225,
      "CD_15": 0.02073
    }
  }
}