{
  "swbli_SA_L1_coarse": {
    "separation": {
      "label": "SA (baseline)",
      "x_sep": 0.3380873203277588,
      "x_reat": 0.3430556654930115,
      "bubble_length": 0.0049683451652526855,
      "cf_min": -0.0015129338717088103,
      "cf_peak_downstream": 0.0054990495555102825
    },
    "error": {
      "MAE": 0.0016752163323777857,
      "RMSE": 0.0021495995847538164,
      "sep_RMSE": 0.0013251468834774573
    }
  },
  "swbli_SST_L1_coarse": {
    "separation": {
      "label": "SST",
      "x_sep": 0.32196858525276184,
      "x_reat": 0.3455520272254944,
      "bubble_length": 0.023583441972732544,
      "cf_min": -0.0008697719895280898,
      "cf_peak_downstream": 0.004417363088577986
    },
    "error": {
      "MAE": 0.001086438699752488,
      "RMSE": 0.0014760366047088266,
      "sep_RMSE": 0.0010636648033632826
    }
  },
  "swbli_SA_COMP_L1_coarse": {
    "separation": {
      "label": "SA-comp (Catris-Aupoix)",
      "x_sep": 0.33222535252571106,
      "x_reat": 0.34588921070098877,
      "bubble_length": 0.01366385817527771,
      "cf_min": -0.0015899791615083814,
      "cf_peak_downstream": 0.005066468380391598
    },
    "error": {
      "MAE": 0.0014028615258505001,
      "RMSE": 0.001842928044399239,
      "sep_RMSE": 0.00114011173369143
    }
  },
  "swbli_SA_L2_medium": {
    "separation": {
      "label": "SA L2",
      "x_sep": 0.33751797676086426,
      "x_reat": 0.34309661388397217,
      "bubble_length": 0.00557863712310791,
      "cf_min": -0.0016732561634853482,
      "cf_peak_downstream": 0.005408206023275852
    },
    "error": {
      "MAE": 0.0016124469640879755,
      "RMSE": 0.002082788081384289,
      "sep_RMSE": 0.0013093486379647209
    }
  },
  "swbli_SA_COMP_L2_medium": {
    "separation": {
      "label": "SA-comp L2",
      "x_sep": 0.33152976632118225,
      "x_reat": 0.3458215594291687,
      "bubble_length": 0.01429179310798645,
      "cf_min": -0.0016195249045267701,
      "cf_peak_downstream": 0.004995702765882015
    },
    "error": {
      "MAE": 0.0013609964255628009,
      "RMSE": 0.0017942564359378068,
      "sep_RMSE": 0.0011401018838261348
    }
  }
}